{"cameraMode":{"drawMode":0,"name":"Shaded","section":"Shading Mode"},"sceneLighting":false,"audioPlay":false,"sceneViewState":{"m_AlwaysRefresh":false,"showFog":true,"showSkybox":false,"showFlares":true,"showImageEffects":true,"showParticleSystems":true,"showVisualEffectGraphs":true,"m_FxEnabled":true},"in2DMode":false,"pivot":{"x":2.523970365524292,"y":2.413274049758911,"z":4.055666923522949},"rotation":{"x":-0.04398238658905029,"y":-0.26543837785720827,"z":0.00020532631606329232,"w":-0.9669115543365479},"size":3.6129579544067385,"orthographic":false}