{"cameraMode":{"drawMode":0,"name":"Shaded","section":"Shading Mode"},"sceneLighting":true,"audioPlay":false,"sceneViewState":{"m_AlwaysRefresh":false,"showFog":true,"showSkybox":true,"showFlares":true,"showImageEffects":true,"showParticleSystems":true,"showVisualEffectGraphs":true,"m_FxEnabled":true},"in2DMode":false,"pivot":{"x":-6.648507595062256,"y":10.099868774414063,"z":0.29733866453170779},"rotation":{"x":0.4042196273803711,"y":0.15689373016357423,"z":-0.06987663358449936,"w":0.8985564708709717},"size":0.7256389856338501,"orthographic":false}