{"cameraMode":{"drawMode":0,"name":"Shaded","section":"Shading Mode"},"sceneLighting":true,"audioPlay":false,"sceneViewState":{"m_AlwaysRefresh":false,"showFog":true,"showSkybox":true,"showFlares":true,"showImageEffects":true,"showParticleSystems":true,"showVisualEffectGraphs":true,"m_FxEnabled":true},"in2DMode":false,"pivot":{"x":-13.16394329071045,"y":2.535900592803955,"z":10.62369441986084},"rotation":{"x":0.49811920523643496,"y":0.027651816606521608,"z":-0.01525442861020565,"w":0.8666834831237793},"size":0.8660253882408142,"orthographic":false}