{"cameraMode":{"drawMode":0,"name":"Shaded","section":"Shading Mode"},"sceneLighting":true,"audioPlay":false,"sceneViewState":{"m_AlwaysRefresh":false,"showFog":true,"showSkybox":true,"showFlares":true,"showImageEffects":true,"showParticleSystems":true,"showVisualEffectGraphs":true,"m_FxEnabled":true},"in2DMode":false,"pivot":{"x":-1.5438294410705567,"y":3.712301731109619,"z":3.361577272415161},"rotation":{"x":0.24600926041603089,"y":0.04860382899641991,"z":-0.01304728351533413,"w":0.9683958292007446},"size":1.001822590827942,"orthographic":false}