{"cameraMode":{"drawMode":0,"name":"Shaded","section":"Shading Mode"},"sceneLighting":false,"audioPlay":false,"sceneViewState":{"m_AlwaysRefresh":false,"showFog":true,"showSkybox":false,"showFlares":true,"showImageEffects":true,"showParticleSystems":true,"showVisualEffectGraphs":true,"m_FxEnabled":true},"in2DMode":false,"pivot":{"x":0.10214928537607193,"y":0.8177542686462402,"z":-1.1765013933181763},"rotation":{"x":0.05087209865450859,"y":0.007247095461934805,"z":0.002358951373025775,"w":0.9998862743377686},"size":0.6123724579811096,"orthographic":false}