{"cameraMode":{"drawMode":0,"name":"Shaded","section":"Shading Mode"},"sceneLighting":false,"audioPlay":false,"sceneViewState":{"m_AlwaysRefresh":false,"showFog":true,"showSkybox":false,"showFlares":true,"showImageEffects":true,"showParticleSystems":true,"showVisualEffectGraphs":true,"m_FxEnabled":true},"in2DMode":false,"pivot":{"x":0.05082610249519348,"y":0.8890023827552795,"z":-1.6041616201400757},"rotation":{"x":0.08280482143163681,"y":0.04317170009016991,"z":-0.0014669221127405763,"w":0.9965143799781799},"size":0.0413428395986557,"orthographic":false}